ID,Name,Age,City
1,Alice,30,New York
2,Bob,25,Los Angeles
3,Charlie,40,Chicago
4,David,28,Houston
5,Eva,22,Phoenix
6,Frank,33,Philadelphia
7,Grace,29,San Antonio
8,Hannah,31,San Diego
9,Ian,26,Dallas
10,Jane,27,San Jose
11,Kyle,24,Austin
12,Laura,32,Jacksonville
13,Mike,34,Fort Worth
14,Nina,23,Columbus
15,Owen,30,Charlotte
16,Paula,28,San Francisco
17,Quinn,27,Indianapolis
18,Rachel,31,Seattle
19,Steve,29,Denver
20,Tina,33,Washington
21,Uma,25,Boston
22,Victor,26,El Paso
23,Wendy,34,Detroit
24,Xander,32,Nashville
25,Yara,30,Memphis
26,Zane,28,Portland
